Nome,Cognome,Numero,Compleanno
Andrew,Townsend,2366561938,07/08/1983
Gina,Holmes,4534630662,08/07/1981
David,Hoffman,2437074126,01/04/2001
Leah,Burns,1504753748,10/12/1995
Jamie,Walker,2773538988,19/06/2005
John,Woods,5333832247,04/12/1971
Katrina,Perez,7187811709,10/02/1980
Tracy,Jackson,3341335840,10/05/1986
Christopher,Harris,8332692490,09/07/1982
Michael,Barrett,2590607225,21/01/1982
Richard,Hernandez,9396006410,03/01/1983
Matthew,Martinez,6154751942,08/12/1996
Sarah,Price,1669491592,16/11/1989
Jeremy,Moreno,9794713229,22/10/1980
Walter,Bauer,1040741141,09/08/1985
Angel,Kelley,2759527910,26/03/1983
Anthony,Snyder,9013459002,22/04/1999
Daniel,Hale,9130052680,11/10/1989
Nicole,Barrett,1297983225,10/01/1979
James,Delacruz,0912840761,06/04/1971
Veronica,Jackson,7640850288,10/04/2005
Gina,Proctor,8163374263,25/04/1992
Tiffany,Smith,2589234372,27/02/1990
John,Escobar,2110022982,15/07/1995
Allison,Barry,0498124325,19/05/2001
Kenneth,Johnson,0323219475,23/03/1986
Elizabeth,Foster,7573981035,28/01/2002
Michelle,Rich,7705577652,14/09/1993
Donald,Lewis,4628926938,06/03/1971
Lisa,Green,0032932669,22/03/1982
Brandon,Brown,1809307226,13/06/1988
Matthew,Harris,8852898338,26/10/1997
Patricia,Reed,5478206137,22/06/1980
David,Woods,4435160654,25/12/1988
Yolanda,Griffith,0109178361,22/04/1990
Timothy,Hunt,9315302671,02/01/1990
Alexis,Martinez,6333575926,03/05/1978
Scott,Perez,0294202451,05/12/1978
Veronica,Campbell,6263514780,22/12/1982
Natalie,Hawkins,5772787435,16/02/1977
Joshua,Vang,6558172627,09/10/1974
Julian,Gonzalez,4823463633,04/03/1984
Brian,Howell,6059716961,19/03/1998
Brittany,White,9011444751,19/08/2002
Carlos,Johnson,1119595111,24/10/1982
Daniel,Case,5313601976,12/04/1984
Jesus,Collins,3667980885,24/01/1972
Linda,Jones,0972743443,18/09/1997
Dawn,White,2838793110,21/06/1991
Lisa,Murphy,5664437605,08/02/1970
Benjamin,Larson,4804022502,04/01/2003
Jonathan,Robinson,2885212844,20/07/1971
Gavin,Henson,0116243583,20/08/1984
Jose,Lawrence,6260732956,06/03/1989
Mark,Taylor,8878349216,01/04/2001
Andrew,Ortiz,5089551678,18/08/1975
Ashley,Parker,5851347239,18/04/2001
Patrick,Gutierrez,2267602060,09/09/1991
Danny,Horn,4528291999,04/10/1981
Terry,Jackson,9469970389,16/12/1985
Jessica,Thomas,5418854282,10/01/1981
Joseph,Barry,8551769613,21/04/1973
Robert,Lopez,1482787584,10/09/1998
Steven,Craig,7123533886,13/04/1978
Scott,Hill,1856907248,27/10/2002
William,Hill,5587150359,22/12/1975
Ashley,Johnson,4108822027,02/06/1990
James,Patton,2448745638,05/07/1978
David,Bradford,6301475323,21/02/1981
Hunter,Jackson,0995299237,22/11/1998
David,Velez,5624215900,02/01/1975
Bryan,Burke,3820089356,27/01/2003
Rita,Moore,0460845015,28/08/2005
Charles,Richardson,3410463745,01/04/1973
Joshua,Payne,9845002356,18/08/1981
Judith,Hunt,7580857087,11/11/1973
Karen,Hall,3351432615,12/01/1973
Robert,Dominguez,8767434980,14/06/1981
Heidi,Mccall,6220770454,26/06/1992
Shirley,Jones,1252459593,15/12/1991
Ryan,Harding,0669307364,20/08/1981
Arthur,Murphy,5255315880,01/02/1989
Lauren,Gonzalez,8940966229,20/01/2003
Angela,Butler,5332609143,24/04/1974
Patricia,Bullock,7288231400,01/06/1981
Haley,Stewart,0996574945,06/02/1993
Alicia,Martinez,0468108741,02/01/1987
Tammy,Hicks,0185581739,08/05/1994
Michael,Jackson,4128865300,23/12/1999
Carol,Johnson,2477385942,22/08/1973
Ashley,Torres,6375808377,12/10/1984
Rebecca,Barker,0148127806,11/08/1992
Nicole,Alvarado,1575743866,22/08/1977
Jeffrey,Wyatt,8163639801,22/06/1982
Thomas,Lowe,9386442640,18/09/1998
Thomas,Ellison,0722600890,15/01/2001
Alexis,Lyons,6964411645,25/05/1981
Wendy,Hill,0827281606,06/11/1981
Gregory,Webster,5482885375,12/08/1979
Michael,Heath,8572870653,22/04/1983
Stephanie,Martinez,2420480174,24/05/1992
James,Summers,8778887790,16/07/1992
Richard,White,0117899900,18/06/1988
Brian,Ramos,0532567005,25/01/1989
Kelly,Chan,6064460728,26/03/1986
Ashley,Wilson,0057627352,18/01/2002
Anna,Jones,9129566973,08/02/1995
Tamara,Adams,1857593788,17/12/1974
Monica,Patel,7842069432,11/07/1989
Taylor,Hartman,1348731822,12/10/2004
Michael,Lopez,8514941236,04/09/1983
Donald,Payne,5977149296,06/08/1973
Gregory,Obrien,6044232093,24/12/1978
Jennifer,Wright,6440626988,25/02/1986
Matthew,Garza,4052317734,10/09/1997
Michelle,Gonzales,1889871729,26/11/1996
Barbara,Johns,4295479182,28/11/1978
Jill,Dixon,0064482140,27/07/1977
Justin,Figueroa,2636813476,18/05/1974
April,Salinas,8792561278,23/08/1987
Daniel,Harper,0686064711,27/10/1992
Angela,Hopkins,1476341321,21/03/1978
Daniel,Wilson,0882435450,06/06/2000
Ashley,Hunter,3384713685,07/01/1974
Sarah,Gutierrez,9153799409,27/09/1971
Richard,Wade,2585607773,11/05/1983
Thomas,Bartlett,8078521553,15/12/1988
Joanna,Miller,5027792146,06/02/1973
Stephanie,Marshall,2058356609,16/07/1971
Ann,Noble,9774348697,04/06/2001
Madeline,Sanders,1082620375,26/10/1977
Brenda,Elliott,4853729049,09/02/1973
Leroy,Fletcher,2787526597,22/10/1988
Andrew,Mcpherson,2494559825,15/08/1973
Christopher,White,1785050111,05/12/1978
Charles,Steele,2408335882,28/01/1982
Michelle,Durham,3636841497,07/06/1982
Gary,Pham,8019427592,12/02/1983
Matthew,Murphy,4762262371,01/12/1983
John,Foster,1756534466,24/11/1974
Shawna,Barker,3941556478,05/06/1986
Anthony,Hale,2987316768,24/01/1976
Daniel,Jones,1830751239,01/08/1979
Stephanie,Lucas,1873445775,07/03/1970
Patrick,Moses,3354356536,03/10/2003
Matthew,Chandler,2933258467,21/05/1993
Teresa,Duran,1178057184,20/01/1981
Eric,Knox,4435394147,05/01/1980
Karen,Molina,5813498355,04/09/1980
Jennifer,Hernandez,6934247938,16/09/2002
Julie,Roberts,7585912807,03/01/2004
Jerry,Aguilar,5249683898,15/04/1989
Daniel,Bailey,4626332708,18/06/2000
Virginia,Calhoun,3894767968,03/09/1994
Alexis,Williams,6349290974,10/08/1986
Hunter,Evans,8035997402,24/03/1974
Kevin,Frazier,8661548557,02/10/1982
Chloe,Juarez,1684147434,02/07/1998
Jacqueline,Warren,7281417818,01/08/1996
Joshua,Hall,8777026342,23/12/1988
Catherine,King,8670646690,03/07/1993
Charles,Nguyen,1018204872,19/11/1980
Donna,Davis,3366176685,18/06/1998
Scott,Reynolds,4818660179,07/08/1988
Stacy,Lambert,7851967770,20/08/1994
Philip,Thomas,0315991581,13/02/1978
Rachel,Byrd,6953055578,02/09/1983
Amber,Rich,3582715773,13/06/1985
Jennifer,Stone,9245616283,12/05/1978
Sheila,Zimmerman,5244326434,02/08/1991
Vanessa,Powell,0359800904,01/12/1983
Melanie,Howell,0739557784,17/03/1971
Colleen,Roberson,3579647761,17/02/1988
Patrick,Rivera,2159471953,07/06/1984
Patricia,Aguirre,2165338872,28/01/1972
Michael,Wilson,3979318942,06/08/1999
April,Burke,5956440304,14/05/1998
Michael,Thompson,0178449512,22/11/2003
Antonio,Simpson,9102574939,09/07/1999
Edward,Johnson,9018219723,17/01/1996
Jeffrey,Smith,0459760017,20/10/2002
Kayla,Campbell,1837919173,24/08/2000
Nicole,Ward,7155965811,21/09/2001
John,Andrews,4654658016,12/07/1975
Michael,Hughes,8063345886,24/07/2003
Randy,Gibson,4517980946,20/04/1993
Brian,Burns,2077166869,13/06/2004
Kaitlyn,Paul,1068301619,22/01/1983
Sydney,French,5574465823,18/07/1988
Zachary,Molina,1472851757,01/09/2003
Lindsay,Leonard,0099027101,25/06/1970
William,Hughes,6772583322,05/11/2004
Scott,Stout,7576711644,08/05/1982
Julie,Ward,6748417625,23/05/1976
Angel,Mclaughlin,4875384153,14/06/1986
Jacob,Jones,5865108005,02/12/1976
Andrew,Delgado,0814768601,16/07/1976
Robert,Lindsey,9425608452,07/07/1989
Jamie,Ramirez,5423097933,18/11/2004
Sean,Watson,5195141856,23/07/1995
David,Hayden,9911434023,04/08/1984
Michael,Thompson,9272458546,15/09/1972
Rebecca,Smith,3847079755,16/02/1985
Robert,Johnson,6415508008,14/06/1978
Wanda,Mitchell,6498341681,11/02/1975
Miranda,Larson,9502279281,15/05/1985
Jennifer,Watson,0404202284,12/01/1995
Cassidy,Young,4813028410,20/11/1992
Sarah,Jacobson,9051393218,28/04/1976
Tara,Smith,4548798569,19/08/1976
Mark,Coleman,5440693924,15/01/1980
Bruce,Roy,9280619044,15/05/2001
Daniel,Huff,7761696210,13/07/1985
Misty,Huber,5593670950,21/12/1971
Victoria,Garcia,8177318479,15/01/1976
Natalie,Caldwell,6214097247,03/01/1988
Stephanie,Mcgee,4030968479,18/11/1988
Denise,Ford,3452098500,12/10/1996
Charles,Estrada,6244832689,14/08/1973
Elizabeth,Davis,0412060223,18/01/2002
Michael,Perez,3133558073,09/11/2004
Ian,Perkins,8662332909,03/02/1974
Lisa,Rodriguez,7167054522,14/02/1978
Nathan,Hurley,0182815146,21/07/1999
Shannon,Brown,1672555201,06/08/1987
Megan,Scott,3340280382,24/11/2002
Leslie,Lester,0055774039,15/06/2002
Christopher,White,8103311086,07/07/1992
Michael,Carpenter,4593628291,18/06/1977
Cameron,Williams,0091287973,24/05/1994
William,Velez,7548031305,17/10/1991
Jesse,Callahan,0140216111,20/03/1989
Dana,Brown,3594388031,15/12/1985
Christina,Green,3376970447,15/05/1971
Valerie,Spence,8143433743,05/11/1973
Phillip,Norris,2758191978,28/04/1981
Amber,Evans,7821535334,14/05/1971
Debbie,Matthews,5195748508,25/11/1988
Krista,Klein,2961868289,16/03/1974
Eric,Tyler,4555519326,09/07/1997
Christian,Terry,0663904956,08/12/1974
Crystal,Smith,6213986127,25/10/1973
Erin,Fields,1242639676,17/04/1971
Nicholas,Stewart,7762966794,07/07/1980
Ronald,Mitchell,4851561505,17/03/1974
Tiffany,Beltran,8264862819,09/07/1975
David,Chase,8094261233,02/07/1981
Karen,Cannon,1433887170,23/03/2005
Vincent,Vincent,4701515264,09/10/1985
Kathleen,Cunningham,6568970211,02/04/1989
Sarah,Dennis,9444775864,22/12/1977
James,Porter,1352666542,04/06/1983
Vincent,Anderson,1918682513,24/03/1992
Danielle,Scott,5295439463,17/04/1988
Troy,Collins,0597959463,23/11/1983
Darrell,Acosta,3124195408,21/03/1981
Danielle,Ramos,2513057312,09/07/1999
David,Quinn,3561549779,09/06/1973
Christopher,Valdez,2511741373,01/07/1984
Colleen,Armstrong,5207103679,01/08/2005
Christopher,Young,3816484349,11/01/1990
Amy,Arias,6277371717,22/07/1988
David,Pineda,2838485383,14/10/1997
Sharon,Davis,9114756730,20/02/2000
Kelli,Simpson,6543796308,11/04/1982
Sarah,Perez,5060356553,02/08/1988
Andrea,Pineda,6715842048,08/05/2005
Ruben,Villarreal,9471145719,20/10/1971
Kyle,Carr,6339400234,26/02/2004
Lori,Vasquez,9071720363,12/05/1977
Shawn,Munoz,4416388854,06/03/1972
Charles,Thompson,8034961854,17/08/1988
Lauren,Wu,5553965648,10/11/1999
Mike,Mills,8782395610,15/10/1998
Anthony,Brown,2009450247,21/11/2001
Justin,Webb,3506225912,03/12/1974
Jeffery,Ellis,9870690978,15/07/2002
Sandra,Scott,6238919845,20/08/1983
Jennifer,Williams,0374661173,13/04/2003
Scott,Brown,5205311480,18/10/1993
Daniel,Huff,8873512576,01/04/1980
Dakota,Davis,8454447606,28/01/1970
Joy,Garcia,8972734616,04/10/1975
Yesenia,Conway,9150694042,24/03/1974
Nicholas,Rodriguez,4413028321,02/03/1985
Dillon,Flynn,3529194932,06/09/1992
Jennifer,Mitchell,7598374922,23/10/2000
Amber,Strong,0819960953,17/05/1983
Jeremy,Perry,7663453668,13/04/1992
Melissa,Lutz,4275412785,05/01/1993
Timothy,Cherry,0423654581,17/11/1980
Susan,Ochoa,4640029290,17/03/1994
Victoria,Moore,8919784707,24/07/1977
Joe,Nichols,4778073695,19/07/2005
Julie,Sanders,9251614647,14/05/1980
Brandy,Scott,3021094894,15/02/1987
Jonathan,Francis,4540177855,22/12/1981
Sandra,Wall,6580511443,14/04/1989
Kimberly,Gill,3269891723,09/12/1976
Heather,Smith,6240367642,12/07/1997
Julia,Freeman,1449169067,15/02/1984
Michelle,Jones,8596523460,10/02/1992
Kevin,Hernandez,2216281410,08/02/1985
Julie,Jimenez,3449225921,06/11/2005
Catherine,Padilla,9582507698,26/04/1971
Heather,Andrews,4514250252,09/02/1971
Jason,Jones,4345874451,13/06/1988
Audrey,Blanchard,8293157399,04/02/1972
Jeremiah,Rios,0820282925,13/06/1972
Jessica,Gilbert,9261407488,23/04/1976
Allen,Clark,8463900344,06/12/2001
Sherry,Blankenship,7026502068,25/11/1976
Dawn,Delacruz,3243045162,11/02/1993
Dustin,Pierce,0780426198,15/12/1999
Justin,Gomez,3621973134,15/02/1990
Hunter,Decker,7241985663,08/08/1984
William,Blair,1041814874,09/07/1976
Gabriel,Johnson,8311000636,08/11/2005
Crystal,Donovan,9278145047,03/04/1975
Jonathan,Miller,9924266926,11/02/1981
Gary,Rodriguez,3306287703,07/03/1992
Brandon,Peters,1159468351,19/02/1980
Christopher,Watkins,1351069255,21/07/2002
Brian,Singh,5448465183,03/05/1976
Melissa,Dickerson,8447484477,17/11/1989
Daniel,Parrish,2516264934,08/07/1995
Kristin,Lewis,9108485947,28/06/1972
Jeremy,Hickman,7573412264,09/12/1994
Jacob,Jordan,3386115947,16/08/1988
Tonya,Miller,9781382351,19/11/1999
Joyce,Jefferson,8843132518,14/02/1995
Allison,Williams,4309696824,28/10/1981
Jessica,Miller,3468871223,20/09/2001
Kathryn,Blair,0227772819,10/09/1990
Antonio,Davis,4092096067,18/06/1983
Joseph,Peters,6352997233,08/08/1974
Heidi,Martinez,3918664462,14/02/1985
Lisa,Peterson,2450127179,10/10/1989
David,Berry,0601785562,17/05/1985
Karen,Wang,5705447546,06/09/1981
Rhonda,Anderson,7974780072,11/07/1992
John,Peters,3966187195,13/06/1972
Morgan,Leach,5529571230,19/03/1975
Donna,Lopez,8657745825,21/01/1976
Gabriel,Flores,0449512067,24/12/1993
Bryan,Sullivan,3599843890,23/09/1972
Paula,Rogers,0667183837,11/12/1999
Dylan,Johnston,1408959336,08/11/1982
Heather,Gardner,6148468549,23/08/1983
Thomas,Benitez,3745816779,10/12/1997
Eric,Gray,5377657005,25/01/2000
Laurie,Ryan,9593258641,18/11/1994
Marc,Pope,7344619843,18/02/1974
Derrick,Harris,4061219003,18/03/1982
Troy,Wyatt,9848440618,24/06/1992
Brad,Russell,5478396356,18/11/1972
Troy,Perez,1021257155,04/04/1986
Thomas,Vargas,7811288992,21/07/1986
Michael,Payne,9365373737,01/07/2000
Cheryl,Armstrong,9274695708,17/04/1977
Brian,Walsh,4524209951,05/05/2005
Patricia,Nunez,7637782950,13/11/2000
William,Flores,6285757585,11/06/2003
William,Griffin,1678504713,08/10/1978
Melanie,Webb,3127886321,04/10/1976
Jonathan,Fisher,0499626083,23/08/1986
Jessica,Robinson,7385445384,10/06/1974
Jack,Murphy,7944888890,10/02/1973
David,Petersen,4185176120,01/11/1997
David,Contreras,3485455572,19/09/1978
Jade,Martinez,2316291350,16/09/2000
Tyler,Lopez,5650150180,08/12/1989
Tracy,Stewart,3049303317,21/04/2002
Barry,Hamilton,0015070381,06/08/1986
Tracie,Chapman,1478047447,16/10/1981
Jon,Reyes,1009040496,15/11/1977
Jacob,Wheeler,7842072181,14/01/1993
Tony,Mcguire,7439065666,15/06/1992
Madison,Mendoza,6925849510,22/10/1970
Becky,Bryant,8733266483,23/02/1980
Matthew,Lee,4298873267,14/11/2001
Jessica,Logan,9776766150,22/06/2005
Michelle,Bowen,8899344875,09/09/2003
Shelby,Howell,8474671701,28/12/1978
Eric,Warner,6207397076,02/07/1977
Robert,Yu,9062735267,23/02/1976
Evelyn,Weiss,6679322166,28/10/1990
Valerie,Livingston,3884399889,06/04/1971
Melissa,Robinson,5034026320,24/06/1999
Hannah,Gray,6634295989,16/09/2003
Kristie,Rivas,7827991906,08/07/1989
Darrell,Ryan,2108024716,09/04/1997
John,Henry,3053845023,06/11/1977
Christina,Brown,9645584878,23/06/1995
Christopher,Baker,7186566562,27/09/1986
Michael,Castillo,2691105115,10/04/1992
Betty,Mcintyre,3234472330,20/03/1998
Natalie,Pittman,8705452339,28/11/1989
April,Douglas,9015385211,06/03/1973
Crystal,Hall,2920931531,06/03/1975
Randy,Allen,2205502640,16/07/1999
Joel,Martin,4849715121,16/05/2003
Brandy,Peterson,9468832397,17/10/1980
Adam,Ramos,1803616918,06/09/1980
April,Thompson,8313151523,10/02/1973
Jessica,Gill,2984265716,13/11/1973
Cathy,Turner,3527644923,26/02/1996
Cory,Lewis,2998960761,10/05/1991
Zachary,Fuentes,3368702088,23/01/2001
Douglas,Glover,4937572170,18/11/1971
Michael,Mccall,8912033292,12/07/1976
Gerald,Moore,0860459447,20/10/1972
James,Carter,6479795063,09/11/1976
Bryan,Mcdaniel,2791963064,21/11/2004
Shannon,Randall,7955513118,08/06/1993
Crystal,Taylor,2899491699,05/11/1986
Kenneth,Norman,6998936114,02/03/1979
Olivia,Thomas,6282758894,02/03/1974
Carrie,Lane,5343153405,11/09/2005
Jason,Miller,0626354358,19/01/2005
Amber,Todd,5422962611,27/02/1978
Samuel,Lewis,2293367335,17/01/1982
Sally,Lee,2966596364,09/02/1987
Bailey,Johnson,8537061546,14/04/1998
Julia,Smith,0891009736,11/12/1978
Tammy,Raymond,1472018081,22/02/2000
Joel,Harvey,4464500486,21/08/1973
Natasha,Carr,5481676354,10/09/1985
Brian,Miller,2764523057,03/02/1980
Jesse,Miller,1131620477,25/11/1980
Jesus,Saunders,9286228732,24/01/1972
Kenneth,Ray,5460431985,03/05/2002
Michael,Lawrence,9675442163,12/12/1982
Connie,Houston,7729404532,25/01/1978
Shannon,Jackson,8756318641,19/10/1985
Scott,Santiago,4705934396,08/04/1991
Shelly,Ruiz,8450144846,19/05/1970
Judith,Fletcher,3881519512,16/04/1997
Lindsey,Davis,4242240615,11/09/1994
Summer,Anderson,1603985894,18/12/1971
Kim,Briggs,6681223121,09/04/1989
Michael,Watts,6427723516,04/05/1998
Rebecca,Mcclain,3301796778,23/01/1995
Chad,Carroll,3470939130,24/06/1989
Lynn,Peters,0359473792,04/06/1997
Danielle,Anderson,4524833912,16/07/1994
Brady,Marquez,8689817489,08/12/1994
Rachel,Whitaker,9700618237,22/01/1978
Zachary,Wells,1749029328,17/03/1974
Gregory,Austin,0873879824,02/02/1994
Crystal,Mann,7941312565,14/02/2003
Nathaniel,Nelson,7162505755,21/12/1970
Carla,Stewart,2329471430,20/04/1979
Melissa,Greene,9647548481,24/07/1983
Lori,Vasquez,5166747514,03/08/1986
Leah,Robinson,4125097782,08/04/1987
Tracy,Wagner,0304744477,18/09/1988
Maria,Rocha,5209032471,24/08/1993
Jason,Clay,3448449330,27/01/2002
Elizabeth,Rojas,8005049121,20/04/1980
Austin,Kirk,0728990381,20/12/1981
Michael,Mitchell,6160693379,15/12/1997
Jordan,Blake,1925837429,08/08/1971
Sandra,Archer,8496849986,11/05/1979
Meghan,Coleman,2016820392,16/01/1989
Terri,Cooper,0691057237,17/11/1978
Natalie,Thompson,4629039561,08/06/1983
Adam,Johnson,3040784101,15/07/1980
Melissa,Munoz,2090059504,06/03/2002
Natalie,Patton,0718384768,19/11/1999
Adam,Vang,0954642573,18/02/1978
Darryl,Ortega,9908077638,12/10/1985
Derrick,Phillips,5383773019,12/01/1973
Michael,Jordan,7050193985,19/07/1989
April,Calderon,5977635159,10/04/2005
Alicia,Wallace,1601632294,27/05/2004
Charles,Baird,6951423698,14/11/1981
Sarah,Pittman,9265047753,18/05/1994
Jasmine,Mack,1846647424,15/11/1993
Sabrina,Cunningham,5964331369,28/06/1982
Beth,Wallace,9900254366,28/10/1994
John,Cooper,8720675955,16/11/1971
Olivia,Stevenson,9342776570,25/12/1974
Joseph,Bond,7357592895,28/10/1990
David,Baker,0072254218,09/07/1984
Steven,Tucker,7409335345,24/03/1975
Jonathan,Durham,6826558917,03/12/1970
Michael,Miller,4601381348,04/11/1994
Stephen,Chan,3628138648,19/12/1984
Amanda,Khan,9539662292,27/11/1989
Diane,Velazquez,0873558853,18/08/1979
Eric,Stewart,5795703587,11/01/2004
Antonio,Davis,4151623438,21/04/1973
Paul,Smith,5015367084,03/07/1974
Charles,Nelson,7968049308,15/02/2000
Alexis,Hopkins,4924012803,06/06/1990
Alexis,Adams,3592737389,19/03/1980
Colleen,Hartman,7261028723,14/06/1998
Jaime,Singleton,8214103315,10/04/1987
Laura,Cooper,3771135044,15/10/1997
Compleanno,Babbone,123456789,20/05/2023
Marco,Badiello,3472390742,28/01/2004
